frequencia;palavra
392;aula
369;questões
346;resolução
345;apostila
332;enem
276;dia
160;gabarito
148;simulado
128;sas
120;prova
86;matemática
82;gab
79;somos
79;bernoulli
69;semana
62;previsão
60;lista
58;poliedro
57;cronograma
54;geografia
51;biologia
51;física
46;livro
46;aulaaovivo
40;tica
40;listadeexercicios
39;linguagens
39;fase
35;volume
34;revisão
34;odia
33;matema
33;terceiro
32;sociologia
31;redação
30;filosofia
29;química
28;história
28;fuvest
28;guia
28;redacao
28;resumos
27;matematica
26;vol
26;exercícios
26;ufu
25;humanas
25;revisavest
25;fisica
24;cap
23;vestibular
23;segundo
23;quarto
22;caderno
22;telegram
21;toefl
21;book
21;portugues
21;quimica
20;web
20;checklist
20;ilustrada
20;complementares
19;redac
19;osasenem
18;exatas
18;azulay
17;primeiro
17;estudo
16;qui
16;completo
16;memorex
16;rodada
16;assunto
16;resumao
15;mica
15;natureza
15;historia
15;questo
15;oenem
15;res
15;modelos
15;raio
14;prep
14;jul
14;responde
14;azul
13;resolucao
13;fundamentos
13;semanas
13;sistema
13;the
13;questoes
13;resoluc
13;geral
13;básica
13;ebook
13;márcio
13;mangá
12;fasci
12;culo
12;portuguesa
12;ber
12;naturezas
12;elementar
12;médica
11;entre
11;speaking
11;cartilha
11;lucas
11;felpi
11;sica
11;vestibumapas
11;leitora
11;quest
11;histologia
10;ria
10;literatura
10;brasil
10;and
10;online
10;practice
10;pacote
10;materiais
10;mil
10;provai
10;temas
10;medicina
10;rio
9;cie
9;ncias
9;writing
9;dominando
9;tenho
9;ciclo
9;paaes
9;library
8;histo
8;conj
8;tópicos
8;simu
8;discursivas
8;modelo
8;unicamp
8;tema
8;tabela
8;telegran
8;uerj
8;amanhã
8;exercicios
8;dinâmica
8;testinho
8;nivel
8;dificuldade
8;mapas
7;provas
7;for
7;cópia
7;reading
7;língua
7;afase
7;poxalulu
7;medidas
7;movimento
7;ferreto
7;meses
7;português
7;macetes
7;abril
7;porcentagem
7;cinemática
7;termologia
7;admica
7;microbiologia
7;anatomia
7;bio
7;impresso
7;resumo
7;objetivo
7;problems
6;rosa
6;mat
6;ibt
6;sets
6;simulados
6;auditor
6;fiscal
6;portal
6;democratizando
6;provaii
6;atualizado
6;lise
6;estudos
6;ficha
6;folha
6;eixos
6;poli
6;projeto
6;gráficos
6;xequematenem
6;inglês
6;gep
6;evolucao
6;ciências
6;doc
6;amarelo
6;quc
6;rcio
6;geometria
6;humano
6;ecologia
6;mapa
6;kit
6;classica
6;ciência
6;aplicações
6;série
6;octa
6;mentais
5;suas
5;concursos
5;questions
5;tst
5;test
5;section
5;training
5;with
5;manual
5;direito
5;comentadas
5;med
5;prontos
5;aprova
5;zero
5;nota
5;veis
5;linguagem
5;uniformemente
5;variado
5;textuais
5;texto
5;exerci
5;cios
5;formulas
5;ordem
5;lancamento
5;nica
5;ncia
5;felipe
5;curso
5;urina
5;spera
5;aposta
5;humana
5;edição
5;circuitos
5;antiga
5;maria
5;geometry
5;tecido
4;extensivo
4;brasileira
4;dias
4;bernou
4;fasciculo
4;tecnologias
4;frases
4;hexagmedicina
4;atualidades
4;mundo
4;simples
4;list
4;conteúdos
4;lingua
4;nocoes
4;cnu
4;bloco
4;exercício
4;resoluci
4;sede
4;ferretto
4;nat
4;total
4;roteiro
4;planejamento
4;reperto
4;rios
4;gonos
4;figuras
4;surgimento
4;teorema
4;tales
4;vestibulares
4;integrais
4;juros
4;espanhol
4;descomplica
4;principais
4;conteúdo
4;afim
4;fenomenos
4;linguisticos
4;passo
4;origem
4;vida
4;conceitos
4;leis
4;palavras
4;militares
4;cad
4;hidrostática
4;problemas
4;wagnernamed
4;quinto
4;ari
4;extra
4;berno
4;francês
4;humanizando
4;terra
4;fisiologia
4;imunologia
4;bot
4;zoologia
4;embriologia
4;fórmulas
4;geoatlas
4;elena
4;simielli
4;recorrentes
4;estrutura
4;resumão
4;habilidades
4;vargas
4;iezzi
4;celio
4;pinto
4;almeida
4;mathematical
4;titu
4;andreescu
4;evolucional
4;previsa
3;uesb
3;ingle
3;grupo
3;imo
3;completa
3;management
3;escrita
3;definitivo
3;normam
3;sarah
3;out
3;unesp
3;textos
3;word
3;pro
3;guide
3;listening
3;voice
3;use
3;edition
3;grammar
3;nova
3;ddb
3;bioatp
3;separadas
3;questa
3;professor
3;recuperado
3;planner
3;textual
3;pontos
3;repertórios
3;revisac
3;conjuntos
3;fatorac
3;produtos
3;mia
3;ligac
3;micas
3;compilado
3;uso
3;frac
3;anatomy
3;linha
3;cinematica
3;cai
3;gabaritoprofetiza
3;simuladoprofetiza
3;algebra
3;college
3;aulao
3;hnerds
3;material
3;outubro
3;vertical
3;dicas
3;newton
3;generos
3;classificacao
3;trigonometria
3;revisao
3;ciencias
3;geopolítica
3;dlx
3;marcos
3;vasconcellos
3;eletricidade
3;estequiometria
3;incide
3;plana
3;araujo
3;int
3;análises
3;gratuito
3;citações
3;introdução
3;lcst
3;chst
3;mente
3;preliminar
3;proposta
3;análise
3;sanar
3;modulo
3;ramos
3;salva
3;aref
3;soluciona
3;noc
3;morgado
3;álgebra
3;estratégico
3;intensivo
3;banco
3;único
3;funções
3;netter
3;básico
3;matos
3;resoluções
3;reduzidamil
3;reprodu
3;citologia
3;gen
3;programa
3;animal
3;bioquimica
3;condutores
3;eletrização
3;energia
3;espelhos
3;fenômenos
3;ondulatórios
3;ondas
3;calorimetria
3;bioquímica
3;idade
3;manga
3;feltre
3;relevo
3;orientadas
3;salvação
3;dolce
3;agente
3;epitelial
3;nervoso
3;tecidos
3;hidrografia
3;clima
3;previs
2;grama
2;josé
2;arte
2;carta
2;ship
2;fev
2;pna
2;digos
2;anteriores
2;amor
2;crise
2;conflitos
2;médio
2;política
2;fazer
2;topics
2;essential
2;parts
2;how
2;take
2;notes
2;like
2;grading
2;rubrics
2;students
2;ultimate
2;vocabulary
2;quick
2;time
2;templates
2;strategies
2;advanced
2;praise
2;vocal
2;dynamic
2;workbook
2;answers
2;administrativo
2;constitucional
2;ufpe
2;permuta
2;gabaritando
2;stico
2;add
2;bee
2;cee
2;bafd
2;rias
2;interpretac
2;eeeb
2;fbfa
2;cadff
2;nona
2;ilovepdf
2;merged
2;compressed
2;fce
2;bff
2;ccd
2;ffber
2;fdcd
2;eddd
2;comentado
2;simulada
2;cdd
2;def
2;fed
2;eac
2;cber
2;bcddbe
2;bbe
2;faacf
2;semanal
2;jun
2;dac
2;bfa
2;bbb
2;versa
2;oitava
2;sexta
2;aeac
2;aeba
2;ebd
2;ebber
2;vest
2;docsity
2;conectivos
2;temáticos
2;mestres
2;prof
2;caju
2;isabelly
2;blard
2;hard
2;vempramim
2;federal
2;cronogramageral
2;controle
2;mês
2;maximizando
2;lucro
2;perio
2;dica
2;ngulos
2;socializac
2;comte
2;mito
2;logos
2;caracteri
2;sticas
2;cla
2;ssica
2;carboidratos
2;lipidios
2;revoluc
2;industriais
2;produtivos
2;egito
2;mesopota
2;povos
2;mediterra
2;neo
2;multiplos
2;divisores
2;uniforme
2;tipos
2;neros
2;fotossintese
2;potenciac
2;expresso
2;nume
2;ricas
2;parte
2;adic
2;subtrac
2;multiplicac
2;divisa
2;enems
2;fluidos
2;derivadas
2;funcoes
2;compostos
2;gramática
2;futuro
2;tec
2;qocon
2;quadrinhos
2;larry
2;gonick
2;ana
2;trigonometry
2;physics
2;calculusvolume
2;divididas
2;plano
2;março
2;globalizacao
2;neoliberalismo
2;velha
2;mundial
2;expansao
2;maritima
2;conquista
2;novo
2;patrimonio
2;diversidade
2;cultural
2;trovadorismo
2;renascimento
2;quinhentismo
2;funcao
2;definicao
2;taxa
2;crescimento
2;razoes
2;proporcoes
2;poligonos
2;discursos
2;basicos
2;relacoes
2;ecologicas
2;sucessao
2;ecologica
2;biomas
2;vetorial
2;horizontal
2;obliquo
2;emergentes
2;influencias
2;ligacoes
2;quimicas
2;nox
2;reacoes
2;redox
2;balanceamento
2;equacoes
2;contexto
2;historico
2;sociologos
2;empurraoenem
2;ciclos
2;biogeoquimicos
2;desequilibrio
2;ecologico
2;competências
2;politica
2;retilineo
2;america
2;espanhola
2;escravidao
2;perspectivas
2;triangulos
2;cevianas
2;notaveis
2;discurso
2;jornalistico
2;propagandistico
2;periodica
2;elementos
2;atomicos
2;comuns
2;quadrilateros
2;introducao
2;queda
2;livre
2;semelhanca
2;artistico
2;cronica
2;processos
2;formacao
2;atomistica
2;bom
2;interpretacao
2;vivo
2;profetiza
2;agentes
2;capítulo
2;especial
2;blocos
2;ondulatória
2;óptica
2;unlocked
2;uece
2;espacial
2;ádrya
2;revisaço
2;ufrgs
2;sobre
2;filmes
2;frances
2;cnst
2;mst
2;redações
2;ministérios
2;dados
2;alusões
2;anual
2;inss
2;final
2;bônus
2;jogo
2;vestibulando
2;oti
2;study
2;faixa
2;preta
2;ponto
2;desvio
2;padrão
2;sua
2;pre
2;global
2;sugerido
2;questão
2;discursiva
2;oliveira
2;atlas
2;bernardo
2;noites
2;coringa
2;intervenção
2;amanha
2;excretor
2;avanc
2;ado
2;versão
2;citogenetica
2;genetica
2;molecular
2;taxonomia
2;bioqu
2;indução
2;refrac
2;autores
2;clássicos
2;demografia
2;inorgânica
2;matemático
2;tempo
2;treinar
2;xequemat
2;intavanalise
2;provasenem
2;assuntos
2;mecânica
2;uneb
2;padraoresposta
2;esa
2;iii
2;orgânicas
2;platão
2;apoio
2;mastigada
2;amostra
2;gratis
2;sera
2;avaliada
2;dicionário
2;poder
2;marc
2;convergentes
2;seção
2;gabriela
2;desgenszajn
2;revolução
2;lógica
2;conicas
2;selected
2;olympiad
2;problem
2;ita
2;coleção
2;delfos
2;zuming
2;feng
2;olympiads
2;math
2;solution
2;raiox
2;sistemas
2;equações
2;grau
2;função
2;denis
2;arruda
2;diagnóstico
2;policial
2;penal
2;penitenciario
2;seguranca
2;teoria
2;vegetal
2;muscular
2;matrizes
2;respostas
1;unificados
1;artes
1;ticapdf
1;aef
1;eaae
1;cdfde
1;luciana
1;stegagno
1;picchio
1;nicola
1;origens
1;aos
1;nossos
1;antigo
1;bruce
1;alberts
1;celular
1;libgen
1;ccm
1;baia
1;guanabara
1;standard
1;marine
1;communication
1;phrases
1;lar
1;modulomaritimo
1;naval
1;fonseca
1;bridge
1;team
1;piloto
1;hand
1;shiphandling
1;mariner
1;handling
1;amador
1;edital
1;rev
1;smcp
1;squat
1;interaction
1;ripeam
1;rot
1;rodrigo
1;superv
1;georgenes
1;vicentina
1;hexag
1;linguegens
1;codigos
1;portuguêsa
1;español
1;códigos
1;brexit
1;ódio
1;reino
1;unido
1;união
1;segurança
1;pública
1;africanos
1;sociedades
1;pensamentos
1;entretextos
1;between
1;portuguese
1;españa
1;letras
1;aspas
1;oriente
1;reformas
1;onu
1;multilateralismo
1;chines
1;representatividade
1;movimentoseparatistasnaeuropa
1;rússia
1;pptx
1;técnicas
1;sob
1;medida
1;docgo
1;net
1;prático
1;aprender
1;envolvendo
1;fatoração
1;polinômios
1;pdi
1;ceav
1;everything
1;you
1;need
1;know
1;write
1;destination
1;oxford
1;skills
1;destinaton
1;human
1;bookmarks
1;ltv
1;cambridge
1;ielts
1;english
1;hewings
1;martin
1;bnb
1;analista
1;bancário
1;gabaritadas
1;impactos
1;pandemia
1;covid
1;mercado
1;turi
1;escola
1;litera
1;leitura
1;questoi
1;resolua
1;diapdf
1;bded
1;dfb
1;afad
1;ebcd
1;cbb
1;edb
1;quinta
1;impressa
1;atualizada
1;vunesp
1;hist
1;fichario
1;autodiagn
1;pronto
1;renato
1;palmeira
1;tirar
1;matemtica
1;temasderedc
1;pia
1;teses
1;ouro
1;mimo
1;ticos
1;presente
1;coringas
1;docx
1;agosto
1;convertido
1;questõesdematemática
1;questõesdeciênciasdanatureza
1;questõesdeciênciashumanas
1;geo
1;gratuita
1;cope
1;jaques
1;braga
1;estudar
1;tunel
1;xequematextensivo
1;materialcompleto
1;pdfcoffee
1;portugueslinguagensv
1;pnld
1;prpdf
1;free
1;adaptação
1;outros
1;cloroplato
1;fotossíntese
1;qumiossintese
1;stoodi
1;otimização
1;viaturas
1;âmbito
1;guarnae
1;sdts
1;publicação
1;boletim
1;alterações
1;endereço
1;efetivo
1;nectar
1;supremo
1;tracker
1;caio
1;thais
1;silva
1;dinamica
1;superficie
1;multiplas
1;intervalos
1;confianca
1;limites
1;termodinamica
1;calor
1;gases
1;calculo
1;probabilidades
1;curvas
1;superficies
1;varias
1;variaveis
1;vetoriais
1;resum
1;vari
1;aleat
1;vers
1;fundametnos
1;americo
1;desconto
1;dívida
1;crononograma
1;estati
1;stica
1;precalculus
1;contemporarymathematics
1;statistics
1;introductorystatistics
1;tai
1;corequisite
1;support
1;intermediatealgebra
1;rlpfllx
1;elementaryalgebra
1;zxfu
1;prealgebra
1;qbw
1;universityphysicsvolume
1;enhmsa
1;universityphysicsvol
1;zesafu
1;sab
1;rrq
1;mktoy
1;calculus
1;edu
1;forcaemed
1;vamos
1;vestgeek
1;matéria
1;diva
1;jaleco
1;esquema
1;organização
1;revisões
1;maio
1;fadao
1;medf
1;exerc
1;medicinafortes
1;numericos
1;hábito
1;mar
1;biocliclos
1;economias
1;atraso
1;procrastinação
1;memorização
1;concentração
1;emocionais
1;originais
1;biociclos
1;economia
1;portugesa
1;triangulo
1;lei
1;angular
1;congruencia
1;trabalhados
1;diversos
1;humanidades
1;coletanea
1;dissertacao
1;argumentativa
1;quim
1;orgânica
1;aulão
1;comentada
1;exercicio
1;trabalhado
1;monitoria
1;resuma
1;portugue
1;conclusa
1;rmulas
1;citac
1;estática
1;gravitação
1;craig
1;criddle
1;soluc
1;orgc
1;termoquc
1;tomo
1;radioatividade
1;manualcandidato
1;artigo
1;opinia
1;aaa
1;playlist
1;diferença
1;liberalismo
1;nazismo
1;socialismo
1;academia
1;pagina
1;cms
1;files
1;documento
1;escaneado
1;cabem
1;qualquer
1;dois
1;irmãos
1;milton
1;hatoum
1;dúvidas
1;grécia
1;ingles
1;parceiro
1;introduções
1;usar
1;séries
1;mulheres
1;citar
1;junho
1;regras
1;gramaticais
1;argumentativas
1;prontas
1;ações
1;referências
1;acampamento
1;sala
1;virtual
1;alguma
1;poesia
1;carlos
1;drummond
1;históricas
1;angústia
1;graciliano
1;infinito
1;além
1;carol
1;coelho
1;david
1;goncalves
1;diego
1;moraes
1;luana
1;vianna
1;interdisciplinar
1;apostilao
1;casa
1;concurseiro
1;tecnico
1;seguro
1;social
1;apostilas
1;aprovatotal
1;analise
1;augusto
1;cesar
1;extras
1;campo
1;joão
1;guimarães
1;compreensão
1;temática
1;contos
1;terror
1;lumbergeek
1;rafa
1;lumber
1;degustacao
1;absoluto
1;variância
1;estratégias
1;argumentação
1;file
1;sim
1;uni
1;oficial
1;hackeando
1;alfacon
1;chiques
1;prsima
1;redplay
1;marília
1;dirceu
1;dispersão
1;tendência
1;central
1;mensagem
1;fernando
1;pessoa
1;mini
1;minicurso
1;vinícius
1;secreto
1;conclusão
1;combinato
1;probabilidade
1;clinica
1;cabeça
1;pescoço
1;nós
1;matamos
1;cão
1;tinhoso
1;luís
1;honwana
1;nove
1;carvalho
1;operadores
1;argumentativos
1;poemas
1;escolhidos
1;gregrio
1;gregorio
1;argumentativo
1;quincas
1;borba
1;machado
1;assis
1;ranking
1;infalível
1;relp
1;revisa
1;romanceiro
1;inconfidencia
1;cecilia
1;meireles
1;santadisc
1;santagab
1;aprofundamento
1;rga
1;responsa
1;sico
1;intermedia
1;spoiler
1;quimico
1;live
1;super
1;conectores
1;sonambula
1;couto
1;tese
1;todos
1;certa
1;estéfany
1;top
1;tudo
1;pontuac
1;uea
1;ufpr
1;ufsc
1;vírgulas
1;vade
1;cum
1;grande
1;gincana
1;apznzaa
1;wjwxy
1;wow
1;utt
1;ffcfa
1;wws
1;bbwn
1;ipqa
1;evolu
1;bioenergetica
1;bioenerg
1;ntrhhc
1;biotecnologia
1;saude
1;gsio
1;citogen
1;sobrevive
1;refração
1;anglo
1;aprovac
1;aprovação
1;circuito
1;eletronicos
1;vigor
1;escolas
1;literárias
1;tipologia
1;elite
1;resumida
1;vetores
1;oficina
1;doenças
1;comparada
1;sfb
1;cada
1;ano
1;monstro
1;comentário
1;dante
1;incidências
1;objetivas
1;detalhado
1;igor
1;até
1;kazuhiro
1;fujitaki
1;clássica
1;cálculo
1;hiroyuki
1;kojima
1;fichas
1;básicas
1;enemrepertório
1;samuel
1;landim
1;todas
1;didático
1;pereira
1;wennyo
1;matemáticas
1;concurso
1;termo
1;referencia
1;nitrogenadas
1;oxigenadas
1;probalidade
1;estatistica
1;engenharia
1;devore
1;acústica
1;qualidades
1;fisiológicas
1;som
1;medplanner
1;evertop
1;radiciação
1;propostas
1;direc
1;tematico
1;planej
1;sociais
1;cleópatra
1;frankenstein
1;água
1;fresca
1;flores
1;sinônimos
1;brancas
1;robert
1;dom
1;quixote
1;vidas
1;secas
1;ler
1;mentes
1;todo
1;corpo
1;fala
1;manipulação
1;jacob
1;roma
1;breves
1;histórias
1;módulo
1;refresh
1;resolvidas
1;era
1;dutra
1;guerra
1;fria
1;terrorismo
1;fatality
1;versao
1;fisiquei
1;industrial
1;industrias
1;aulas
1;bern
1;raciocinio
1;lógico
1;facilitado
1;bruno
1;john
1;nolt
1;dennis
1;cristiano
1;guilherme
1;patrícia
1;descritiva
1;vietnamese
1;problema
1;seleccionados
1;elemental
1;saraeva
1;chemistry
1;iit
1;jee
1;estratégia
1;ime
1;olimpíadas
1;solução
1;from
1;maths
1;solutions
1;aju
1;razvan
1;gelca
1;challenges
1;birkh
1;user
1;cassio
1;esférica
1;modenov
1;mir
1;michal
1;rolinek
1;josef
1;tkadlec
1;euclidean
1;maa
1;geometría
1;huisa
1;sasnoenem
1;mental
1;saiba
1;características
1;úrsula
1;firmina
1;reis
1;memorize
1;campbell
1;edia
1;orwell
1;bichos
1;cinco
1;comportamentos
1;sabotam
1;inteligência
1;diciona
1;aluso
1;concreto
1;microprocessadores
1;universo
1;estatística
1;linear
1;motores
1;elétricos
1;autoreshumanas
1;moderna
1;recorre
1;selecon
1;sejusp
1;penitenciariocnm
1;tipo
1;média
1;dúvida
1;sist
1;imune
1;cartilaginoso
1;conjuntivos
1;conjuntivo
1;senhora
1;alencar
1;branco
1;verde
1;aol
1;meninas
1;consolidada
1;participante
1;glossário
1;matem
1;adsica
1;bcd
1;bccbd
1;bbca
1;chaves
1;foco
1;quem
1;tem
1;pressa
1;termos
1;filosóficos
1;profetizaglobal
1;claranogueira
1;prévia
